"year","NAME","S2401_C01_001E","S2401_C01_001M","S2401_C01_007E","S2401_C01_007M","S2301_C03_001E","S2301_C03_001M","S2301_C04_001E","S2301_C04_001M","state","county","tech_share"
"2018","San Francisco County, California","536653","7111","50763","4013","69.1","0.9","3.7","0.5","06","075","9.459184985456151"
"2018","Santa Clara County, California","1014217","10088","120672","4923","65.0","0.7","3.9","0.3","06","085","11.898045487306957"
"2019","Santa Clara County, California","1021426","9647","136641","6383","65.6","0.6","3.5","0.4","06","085","13.37747423699808"
"2019","San Francisco County, California","539057","5751","56170","4813","69.6","0.8","3.7","0.4","06","075","10.420048343681652"
"2021","San Francisco County, California","448416","7372","49155","4008","62.8","1.0","8.4","0.9","06","075","10.961919289231428"
"2021","Santa Clara County, California","960272","7956","125324","4743","62.5","0.5","6.0","0.4","06","085","13.050885582418315"
"2022","San Francisco County, California","471600","6205","51194","4167","66.4","0.9","3.7","0.5","06","075","10.855385920271416"
"2022","Santa Clara County, California","993965","8331","149043","5931","64.6","0.6","3.8","0.3","06","085","14.994793579250778"
"2023","San Francisco County, California","469220","5856","50522","3579","65.9","0.8","4.9","0.5","06","075","10.767230723328076"
"2023","Santa Clara County, California","1011709","10636","144198","6449","65.1","0.7","4.2","0.4","06","085","14.252912645829976"
"2024","San Francisco County, California","480163","6709","54301","3708","65.9","0.9","5.8","0.6","06","075","11.3088680302314"
"2024","Santa Clara County, California","1026600","9937","163657","7067","64.1","0.6","5.2","0.5","06","085","15.941652055328268"
