"year","NAME","S2401_C01_001E","S2401_C01_001M","S2401_C01_007E","S2401_C01_007M","S2301_C03_001E","S2301_C03_001M","S2301_C04_001E","S2301_C04_001M","state","tech_share"
"2018","Wisconsin","2993716","12072","80389","4323","63.8","0.3","3.2","0.2","55","2.6852580538701734"
"2018","Wyoming","287436","5151","3958","1102","62.5","1.1","3.9","0.6","56","1.3770021848341891"
"2018","Mississippi","1231410","12050","16040","2003","52.1","0.5","7.1","0.4","28","1.3025718485313584"
"2018","Missouri","2921599","15183","89357","5136","59.5","0.3","4.2","0.2","29","3.0584963918730805"
"2018","Montana","523058","5868","10713","1650","61.0","0.7","3.5","0.4","30","2.048147624164051"
"2018","Nebraska","999347","7730","29303","2471","66.3","0.5","3.5","0.3","31","2.9322147362227535"
"2018","Nevada","1446090","11002","28583","2948","59.7","0.5","5.6","0.3","32","1.9765713060736192"
"2018","New Hampshire","729001","7362","30205","2913","64.5","0.6","3.6","0.3","33","4.143341367158619"
"2018","New Jersey","4487823","20860","197169","7482","62.5","0.3","4.9","0.2","34","4.39342193308426"
"2018","New Mexico","875151","10010","17657","2527","52.3","0.6","6.1","0.4","35","2.0175946779470055"
"2018","New York","9504716","27594","267064","8982","59.6","0.2","5.0","0.1","36","2.809805153567976"
"2018","North Carolina","4870838","24880","158525","5983","58.3","0.3","5.0","0.2","37","3.254573443009191"
"2018","North Dakota","400818","5548","6299","1224","66.6","0.9","2.8","0.4","38","1.5715362084537121"
"2018","Ohio","5637441","21644","156949","6430","59.9","0.2","4.9","0.1","39","2.7840468751690706"
"2018","Oklahoma","1791438","10371","37403","2785","58.0","0.3","4.4","0.2","40","2.0878757735405857"
"2018","Oregon","2029021","13461","70693","3773","59.4","0.4","5.0","0.3","41","3.4840940532404545"
"2018","Pennsylvania","6248945","20258","183542","6332","59.7","0.2","4.9","0.1","42","2.9371677939236145"
"2018","Rhode Island","527497","8056","13651","1937","59.8","0.9","5.5","0.6","44","2.5878820163906147"
"2018","South Carolina","2315748","17749","52061","4144","56.4","0.4","5.3","0.3","45","2.2481288983084515"
"2018","South Dakota","453723","6188","8986","1240","65.7","0.8","3.0","0.4","46","1.9805035230746513"
"2018","Tennessee","3133153","20537","73151","4049","57.7","0.4","5.5","0.2","47","2.33474075476046"
"2018","Texas","13491168","36714","401110","13264","61.0","0.2","4.9","0.1","48","2.9731302730793954"
"2018","Vermont","330947","5124","8952","1516","63.0","0.9","3.8","0.5","50","2.7049648433132796"
"2018","Utah","1533562","9406","64883","3692","65.8","0.4","3.2","0.2","49","4.230869048659265"
"2018","Virginia","4180915","20665","241196","7620","61.0","0.3","4.2","0.2","51","5.768976408274265"
"2018","Washington","3692600","19704","193594","7115","61.0","0.3","4.3","0.2","53","5.242755781833938"
"2018","West Virginia","741817","9426","14289","2249","49.9","0.6","5.8","0.5","54","1.9262163040210727"
"2018","Alabama","2094271","16868","52304","4014","53.3","0.4","5.6","0.3","01","2.4974800300438673"
"2018","Alaska","345769","4933","6610","1111","60.4","0.8","6.8","0.5","02","1.911680919920525"
"2018","Arizona","3215136","18672","101946","5556","56.3","0.3","5.4","0.2","04","3.170814547191783"
"2018","Arkansas","1317275","12542","23332","2614","55.1","0.5","4.5","0.3","05","1.771232278757283"
"2018","California","18930012","36894","698428","14321","60.0","0.1","5.5","0.1","06","3.6895275079593186"
"2018","Colorado","2982794","18123","130073","5538","65.3","0.4","3.9","0.2","08","4.360777177371284"
"2018","Delaware","458434","6653","13331","1978","58.2","0.8","5.7","0.6","10","2.907943128127495"
"2018","District of Columbia","380983","5579","24887","2275","65.0","1.0","7.5","0.8","11","6.532312465385595"
"2018","Connecticut","1822551","11469","58487","3526","62.1","0.4","5.5","0.3","09","3.2090734360794295"
"2018","Florida","9734940","42750","251438","7867","55.4","0.2","5.2","0.1","12","2.582840777652456"
"2018","Georgia","4953466","24667","166290","6892","59.6","0.3","4.8","0.2","13","3.357043330871757"
"2018","Idaho","806802","8736","19333","2880","59.4","0.7","4.0","0.4","16","2.3962508769189963"
"2018","Hawaii","684905","7650","13197","1893","59.7","0.7","3.8","0.4","15","1.9268365685752038"
"2018","Illinois","6294086","22560","204291","8013","61.6","0.2","5.5","0.2","17","3.245761179621632"
"2018","Indiana","3238769","17111","74896","5124","61.1","0.3","4.4","0.2","18","2.31248353927063"
"2018","Iowa","1615999","9976","40225","3111","64.5","0.4","3.6","0.2","19","2.4891723324086215"
"2018","Kansas","1442550","10817","40313","2796","63.1","0.5","3.8","0.3","20","2.794565179716474"
"2018","Kentucky","1995789","14195","43757","3538","55.9","0.4","5.2","0.3","21","2.1924662376634"
"2018","Louisiana","2015672","17879","32056","3096","54.7","0.5","6.4","0.3","22","1.5903381105656078"
"2018","Maine","678540","6859","15076","1765","60.6","0.6","3.5","0.3","23","2.221829221563946"
"2018","Maryland","3090469","17099","170775","6954","63.7","0.3","4.9","0.2","24","5.525860314405354"
"2018","Massachusetts","3622984","16868","162152","6841","63.5","0.3","4.8","0.2","25","4.475647698140539"
"2018","Michigan","4708456","17829","131453","4999","58.2","0.2","5.3","0.2","26","2.791849387569938"
"2018","Minnesota","2973535","12514","107379","4674","66.8","0.3","3.4","0.2","27","3.6111564182025773"
"2019","Mississippi","1240752","16665","15213","2188","52.6","0.7","6.6","0.6","28","1.2261112615575072"
"2019","Missouri","2942459","16387","91894","4768","59.8","0.3","3.8","0.2","29","3.123034169719952"
"2019","Montana","520261","5885","11327","1774","59.8","0.7","4.1","0.5","30","2.1771764556635995"
"2019","Nebraska","1008957","7438","31499","2697","66.8","0.5","3.3","0.3","31","3.1219368119751385"
"2019","Nevada","1479868","13620","27907","3055","60.0","0.5","5.1","0.4","32","1.8857762989672051"
"2019","New Hampshire","735493","6921","27411","2918","64.7","0.6","3.0","0.3","33","3.7268879513469195"
"2019","New Jersey","4496699","17221","186988","6219","62.7","0.2","4.7","0.2","34","4.158339261756235"
"2019","New Mexico","907775","10713","18926","2527","54.1","0.6","5.5","0.5","35","2.0848778607033682"
"2019","New York","9611029","28019","275621","10906","60.5","0.2","4.4","0.1","36","2.8677574482399337"
"2019","North Carolina","4937837","21707","160460","7033","58.4","0.3","4.6","0.2","37","3.2496009892590623"
"2019","North Dakota","405699","5519","6050","1555","67.3","0.8","2.6","0.4","38","1.4912533676444852"
"2019","Ohio","5692943","22047","159199","5645","60.5","0.2","4.6","0.2","39","2.7964270852527418"
"2019","Oklahoma","1791228","13049","37745","2913","57.6","0.4","4.4","0.2","40","2.1072135987155183"
"2019","Oregon","2045338","16337","65901","4181","59.3","0.5","5.0","0.3","41","3.222010249650669"
"2019","Pennsylvania","6285109","22043","195121","6899","60.0","0.2","4.5","0.1","42","3.104496676191296"
"2019","Rhode Island","547914","7421","17515","2553","62.2","0.8","4.2","0.5","44","3.1966695503308915"
"2019","South Carolina","2359714","17495","52034","4245","56.7","0.4","4.7","0.3","45","2.2050977364206"
"2019","South Dakota","452975","5361","8279","1459","65.4","0.8","3.0","0.4","46","1.827694685137149"
"2019","Tennessee","3215401","19930","73033","5189","58.6","0.4","4.5","0.2","47","2.271349669916754"
"2019","Texas","13830576","41164","439921","13742","61.7","0.2","4.4","0.1","48","3.1807858183202202"
"2019","Vermont","331247","4634","8486","1298","63.1","0.9","3.4","0.5","50","2.5618345222749186"
"2019","Utah","1598530","10329","66132","4852","67.2","0.4","3.2","0.3","49","4.137050915528642"
"2019","Virginia","4229399","18239","253954","8114","61.5","0.3","4.0","0.2","51","6.004493782686382"
"2019","Washington","3749409","21936","214314","8266","61.2","0.4","4.6","0.2","53","5.715940832275167"
"2019","West Virginia","744981","10669","12655","1889","50.4","0.7","6.0","0.6","54","1.6987010406976821"
"2019","Wisconsin","3002074","13543","85411","4217","63.8","0.3","3.2","0.2","55","2.845066444065003"
"2019","Wyoming","283750","5185","3279","1117","61.9","1.1","3.6","0.6","56","1.1555947136563878"
"2019","Georgia","5002153","25004","175172","8074","59.6","0.3","4.8","0.2","13","3.501932068051497"
"2019","Idaho","848223","8632","20478","2618","61.2","0.6","3.3","0.4","16","2.4142236180815657"
"2019","Hawaii","671768","8560","13165","1741","58.5","0.7","3.9","0.4","15","1.959753962677591"
"2019","Illinois","6286647","21029","212765","6780","61.7","0.2","4.8","0.2","17","3.384395529127053"
"2019","Indiana","3272727","20045","75650","4809","61.2","0.4","4.2","0.2","18","2.3115279704051086"
"2019","Iowa","1618556","12600","42490","2850","64.3","0.5","3.7","0.3","19","2.625179480969457"
"2019","Kansas","1455746","10583","40392","3270","63.5","0.5","3.8","0.3","20","2.774659865113832"
"2019","Kentucky","1997773","14115","40372","3323","55.8","0.4","4.8","0.3","21","2.0208502167163136"
"2019","Louisiana","2040325","16990","32414","3113","55.4","0.5","5.5","0.4","22","1.5886684719346182"
"2019","Maine","684413","7119","14262","1789","60.7","0.6","3.5","0.4","23","2.0838295006085508"
"2019","Maryland","3098870","17785","181556","7398","63.7","0.4","4.5","0.2","24","5.858780781381601"
"2019","Massachusetts","3700243","15695","169039","6370","64.8","0.3","3.9","0.2","25","4.568321594014231"
"2019","Michigan","4755016","20119","125071","5575","58.7","0.2","5.0","0.2","26","2.630296091537862"
"2019","Minnesota","3010452","13214","116357","5432","67.2","0.3","3.2","0.2","27","3.865100655981228"
"2019","Connecticut","1823915","12462","58146","3701","62.3","0.4","5.3","0.3","09","3.1879775099168546"
"2019","Florida","9958518","34806","259879","8848","56.2","0.2","4.5","0.1","12","2.6096152057966857"
"2019","Alabama","2153467","16735","49739","3863","54.7","0.4","4.9","0.3","01","2.309717307021654"
"2019","Alaska","338011","5871","4988","1312","59.3","1.0","5.8","0.7","02","1.4756916195035072"
"2019","Arizona","3305302","17217","114251","6729","56.8","0.3","5.1","0.3","04","3.4565979145022148"
"2019","Arkansas","1325091","12720","21732","2378","55.2","0.5","4.8","0.3","05","1.64003830680308"
"2019","California","19078101","39509","743109","13267","60.3","0.1","5.1","0.1","06","3.895088929448481"
"2019","Colorado","3032173","15695","132828","5944","65.3","0.3","3.7","0.2","08","4.380620762733525"
"2019","Delaware","466061","5646","15042","2266","58.8","0.7","4.6","0.6","10","3.227474515138576"
"2019","District of Columbia","387826","5772","26742","3005","66.0","1.0","6.3","0.6","11","6.895360290439527"
"2021","Alabama","2190915","16821","56121","4377","54.1","0.4","5.3","0.4","01","2.561532510389495"
"2021","Arizona","3314799","19031","135579","6464","56.6","0.3","5.8","0.3","04","4.09011225115007"
"2021","Arkansas","1323511","12473","32859","3162","55.0","0.5","5.5","0.4","05","2.482714537317786"
"2021","California","18156051","47000","765651","15447","57.6","0.1","8.3","0.1","06","4.217056891941976"
"2021","Colorado","3002106","14669","153507","7574","63.6","0.3","5.3","0.2","08","5.113310456059846"
"2021","Connecticut","1810942","12873","67530","4399","60.9","0.4","6.7","0.3","09","3.7289984991236604"
"2021","Delaware","461096","5926","14676","1941","56.2","0.7","5.6","0.6","10","3.182851293439978"
"2021","District of Columbia","355398","5992","25406","2372","64.2","1.1","8.2","1.1","11","7.148605225690634"
"2021","Florida","9983261","42688","297644","10624","55.4","0.2","5.6","0.2","12","2.98143061670931"
"2021","Georgia","5032459","28705","187262","8899","58.7","0.3","5.5","0.2","13","3.7210834703273292"
"2021","Hawaii","636963","7445","16613","2033","54.6","0.6","7.7","0.6","15","2.6081577736854418"
"2021","Idaho","901819","8639","21187","2680","60.7","0.6","3.3","0.4","16","2.349362787876503"
"2021","Illinois","6079192","23954","225128","6932","59.6","0.2","7.4","0.2","17","3.7032553010334266"
"2021","Indiana","3259178","17464","78785","5054","60.3","0.3","4.7","0.2","18","2.4173273138196194"
"2021","Iowa","1616533","10693","44607","3900","63.6","0.4","3.6","0.2","19","2.7594240266050862"
"2021","Kansas","1437472","12010","45802","3841","62.1","0.5","4.4","0.4","20","3.186288150308319"
"2021","Kentucky","1992331","13865","44393","3963","55.1","0.4","5.4","0.3","21","2.2281940099310806"
"2021","Louisiana","1957790","21462","33704","3848","53.4","0.6","7.6","0.4","22","1.7215329529724843"
"2021","Maine","672480","8088","20405","2507","58.2","0.7","4.9","0.4","23","3.034290982631454"
"2021","Maryland","3070750","21329","199997","7185","61.9","0.4","5.9","0.3","24","6.512969144345844"
"2021","Massachusetts","3604672","22861","178386","7672","62.3","0.4","6.6","0.2","25","4.948744296291036"
"2021","Michigan","4617618","20881","143043","5411","56.6","0.3","6.9","0.2","26","3.0977659910369373"
"2021","Minnesota","2957951","14210","119598","5720","65.0","0.3","4.9","0.2","27","4.043271845950119"
"2021","Mississippi","1227616","14710","16962","2859","52.5","0.6","6.4","0.5","28","1.3817024216041498"
"2021","Missouri","2939431","15950","97759","6387","59.4","0.3","4.6","0.2","29","3.3257797172309878"
"2021","Montana","527565","7222","11058","1710","58.9","0.8","4.0","0.5","30","2.0960450371044326"
"2021","Nebraska","1019100","8395","32835","2251","66.4","0.5","2.7","0.2","31","3.2219605534294966"
"2021","Nevada","1424693","14095","33710","3741","56.4","0.6","9.7","0.5","32","2.3661237894760485"
"2021","New Hampshire","745750","7976","33399","2875","64.1","0.7","3.6","0.4","33","4.4785786121354345"
"2021","New Jersey","4508519","21356","215014","7591","60.2","0.3","8.1","0.2","34","4.7690605274148785"
"2021","New Mexico","878606","13265","25168","3223","51.7","0.8","7.8","0.6","35","2.864537688110484"
"2021","New York","9226373","30319","302917","9090","56.9","0.2","8.7","0.2","36","3.283164467770813"
"2021","North Carolina","4889866","23159","187207","9508","57.4","0.3","5.8","0.2","37","3.8284689191891967"
"2021","North Dakota","394601","6294","8948","1820","64.6","1.0","2.9","0.6","38","2.267607025831156"
"2021","Ohio","5600209","25251","169707","6231","59.1","0.3","5.4","0.2","39","3.030369045155279"
"2021","Oklahoma","1780086","13084","43650","2778","56.7","0.4","5.9","0.3","40","2.452128717376576"
"2021","Oregon","2007468","16898","74730","5131","57.6","0.5","6.4","0.3","41","3.7225998123008686"
"2021","Pennsylvania","6190796","23170","220913","8654","58.4","0.2","6.4","0.2","42","3.5684102658204213"
"2021","Rhode Island","546249","8864","19324","2258","59.8","1.0","7.7","0.8","44","3.5375808468299255"
"2021","South Carolina","2335354","18389","61140","4931","55.5","0.4","5.6","0.3","45","2.618018510255833"
"2021","South Dakota","449435","6155","9554","1711","64.2","0.8","2.8","0.4","46","2.1257801461835415"
"2021","Tennessee","3239311","22169","84645","5504","57.7","0.4","5.3","0.3","47","2.6130556775808187"
"2021","Texas","13796229","43210","504640","17253","60.2","0.2","6.2","0.2","48","3.657811130853221"
"2021","Utah","1653768","12414","76021","4927","66.0","0.5","3.5","0.2","49","4.596835831870008"
"2021","Vermont","333135","4976","9518","1405","61.4","0.9","4.2","0.6","50","2.8570999744848184"
"2021","Virginia","4206422","20804","263863","8036","60.3","0.3","4.8","0.2","51","6.272860877962316"
"2021","Washington","3696564","17331","233665","8055","59.1","0.3","5.9","0.2","53","6.321140388750202"
"2021","West Virginia","721479","10141","14986","2166","49.2","0.7","6.2","0.5","54","2.0771221338389614"
"2021","Wisconsin","2991136","13038","94558","4537","62.7","0.3","3.5","0.2","55","3.1612738437837664"
"2021","Wyoming","287432","5096","4234","1040","62.3","1.1","3.7","0.8","56","1.473044059116591"
"2021","Alaska","327953","6209","6669","1560","57.4","1.1","7.0","0.6","02","2.033523096297335"
"2022","Alabama","2278494","16755","63719","5287","55.7","0.4","4.3","0.3","01","2.7965401708321376"
"2022","Alaska","345201","6741","7003","1621","59.9","1.2","4.6","0.5","02","2.0286731498460315"
"2022","Arizona","3441676","19123","121051","6743","57.7","0.3","4.3","0.2","04","3.517210800784269"
"2022","Arkansas","1335560","12629","33907","3632","54.9","0.5","4.5","0.3","05","2.5387852286681243"
"2022","California","18942977","51256","822714","17537","60.0","0.2","5.3","0.1","06","4.3431082664567455"
"2022","Colorado","3131144","16711","158104","7740","65.6","0.3","3.5","0.2","08","5.049400474714673"
"2022","Connecticut","1861502","12793","61573","4076","62.3","0.4","4.7","0.3","09","3.3077052831530667"
"2022","Delaware","498721","7598","19359","2805","59.7","0.9","4.3","0.6","10","3.8817294639688322"
"2022","District of Columbia","374882","6986","26581","2956","67.2","1.3","5.1","0.7","11","7.090497809977539"
"2022","Florida","10489216","39296","324654","12090","56.8","0.2","4.0","0.1","12","3.0951216945098663"
"2022","Georgia","5273176","24730","210083","9069","60.6","0.3","4.2","0.2","13","3.983993707018313"
"2022","Hawaii","674532","6880","16845","1993","57.4","0.6","3.6","0.3","15","2.49728700788102"
"2022","Idaho","921141","9862","27458","2767","60.2","0.6","3.0","0.3","16","2.980868292693518"
"2022","Illinois","6293807","25177","248774","9006","61.7","0.2","4.8","0.2","17","3.952679197185424"
"2022","Indiana","3355406","19492","87734","5646","61.5","0.3","3.6","0.2","18","2.6147059402051496"
"2022","Iowa","1658607","9262","45833","3544","64.5","0.4","2.9","0.3","19","2.763342973953444"
"2022","Kansas","1456502","10625","47637","3562","62.5","0.5","3.6","0.3","20","3.2706443245529355"
"2022","Kentucky","2061238","14676","46190","3661","56.8","0.4","4.3","0.3","21","2.240886302309583"
"2022","Louisiana","2038340","16113","35630","3704","55.7","0.4","5.4","0.3","22","1.7479910122943179"
"2022","Maine","696402","7927","18391","2183","59.5","0.7","3.3","0.4","23","2.640859733314953"
"2022","Maryland","3168418","16588","208377","8994","63.7","0.3","4.0","0.2","24","6.576689060597434"
"2022","Massachusetts","3714823","18910","179108","7784","64.0","0.3","4.1","0.2","25","4.82144102155069"
"2022","Michigan","4800228","21607","148006","6493","58.7","0.3","4.6","0.2","26","3.0833118760192226"
"2022","Minnesota","3008627","14337","122000","5709","65.7","0.3","3.2","0.2","27","4.055005821592374"
"2022","Mississippi","1257562","13835","17576","2394","53.7","0.6","4.9","0.4","28","1.3976249282341546"
"2022","Missouri","2987867","17645","101784","4512","60.1","0.4","3.7","0.2","29","3.406577334265548"
"2022","Montana","559604","6591","13574","1956","61.1","0.7","3.0","0.4","30","2.425643848149763"
"2022","Nebraska","1025109","7966","33322","2866","66.2","0.5","2.3","0.2","31","3.2505811577110335"
"2022","Nevada","1524894","15109","39389","3793","59.3","0.6","5.5","0.4","32","2.583064790077212"
"2022","New Hampshire","753730","8215","28232","2986","64.0","0.7","2.5","0.3","33","3.7456383585634114"
"2022","New Jersey","4707790","21894","233105","8678","62.7","0.3","5.0","0.2","34","4.951474046208518"
"2022","New Mexico","937027","11146","27201","3110","54.8","0.6","4.8","0.4","35","2.9029046121403117"
"2022","New York","9600338","36873","331761","10567","59.4","0.2","5.1","0.1","36","3.4557220797851076"
"2022","North Carolina","5135307","25200","197067","7248","59.2","0.3","3.8","0.2","37","3.8374920915146844"
"2022","North Dakota","408563","5536","8735","1706","66.1","0.9","2.2","0.4","38","2.137981168142979"
"2022","Ohio","5762007","27201","180874","6003","60.6","0.3","3.7","0.2","39","3.139079837980065"
"2022","Oklahoma","1836305","10706","48642","3387","57.8","0.3","4.2","0.2","40","2.648906363594283"
"2022","Oregon","2095363","15427","83080","4842","59.7","0.4","4.3","0.3","41","3.9649454533653596"
"2022","Pennsylvania","6402242","25374","231428","7774","60.1","0.2","4.3","0.1","42","3.614796191709092"
"2022","Rhode Island","560568","7619","19283","2755","61.2","0.8","4.5","0.6","44","3.4399038118479828"
"2022","South Carolina","2454047","15962","65072","5046","57.1","0.4","4.4","0.2","45","2.6516199567489944"
"2022","South Dakota","460983","4726","10646","2001","64.3","0.6","2.8","0.4","46","2.3094127115316616"
"2022","Tennessee","3413460","19897","99306","5849","59.9","0.4","3.4","0.2","47","2.909247508393243"
"2022","Texas","14578433","45736","562073","15297","62.1","0.2","4.4","0.1","48","3.855510396762121"
"2022","Utah","1735854","11168","81171","5098","67.8","0.4","2.7","0.2","49","4.676142117943099"
"2022","Vermont","344401","5251","12079","1854","62.8","0.9","2.8","0.5","50","3.5072488175121443"
"2022","Virginia","4298561","21090","281359","8293","61.0","0.3","3.6","0.2","51","6.545422991554616"
"2022","Washington","3865941","18851","269392","9337","61.1","0.3","4.1","0.2","53","6.968342248368509"
"2022","West Virginia","735644","10000","16176","1925","50.2","0.7","4.7","0.5","54","2.1988896803345095"
"2022","Wisconsin","3036963","15083","95844","3961","63.2","0.3","2.8","0.2","55","3.1559159594634507"
"2022","Wyoming","291038","5579","5346","1331","62.5","1.2","3.8","0.6","56","1.8368735354146195"
"2023","Alabama","2297941","15059","63039","5060","55.8","0.4","4.0","0.3","01","2.7432819206411305"
"2023","Alaska","345460","5852","6814","1476","59.8","1.0","4.8","0.6","02","1.9724425403809414"
"2023","Arizona","3493543","21400","129347","6689","57.8","0.4","4.3","0.2","04","3.702459079507537"
"2023","Arkansas","1375551","13040","30507","3029","56.1","0.5","4.2","0.3","05","2.217802175273763"
"2023","California","19026566","48244","834653","18483","60.2","0.2","5.5","0.1","06","4.3867768886934195"
"2023","Colorado","3151694","15399","167567","7021","65.4","0.3","3.8","0.2","08","5.316728083373576"
"2023","Connecticut","1884125","12066","68817","5198","63.1","0.4","4.6","0.4","09","3.652464671929941"
"2023","Delaware","504329","7587","20293","2723","59.6","0.9","3.5","0.5","10","4.023762266298388"
"2023","District of Columbia","385274","6981","30405","2988","68.2","1.3","5.3","0.8","11","7.891786105472988"
"2023","Florida","10731195","41924","343865","12635","57.2","0.2","4.1","0.1","12","3.2043495621876223"
"2023","Georgia","5346554","26394","220867","8564","60.6","0.3","4.4","0.2","13","4.13101597776811"
"2023","Hawaii","667835","7985","17189","2216","57.0","0.7","3.5","0.4","15","2.5738393465451797"
"2023","Idaho","936279","8650","25943","2550","60.1","0.6","3.6","0.3","16","2.7708621041377626"
"2023","Illinois","6329130","24465","257053","9033","62.1","0.2","4.7","0.2","17","4.0614270839752065"
"2023","Indiana","3387230","18934","93827","5728","61.9","0.3","3.6","0.2","18","2.7700215220106106"
"2023","Iowa","1654280","12938","49639","3630","64.4","0.5","2.8","0.2","19","3.000640762144256"
"2023","Kansas","1477593","11579","46669","3632","63.2","0.5","3.3","0.3","20","3.15844755626211"
"2023","Kentucky","2085354","13778","47376","3243","57.4","0.4","4.1","0.3","21","2.2718444925897474"
"2023","Louisiana","2030949","16853","40595","4018","55.9","0.5","4.9","0.3","22","1.9988192711880013"
"2023","Maine","708660","7771","20896","2527","60.0","0.6","3.2","0.3","23","2.948663675105128"
"2023","Maryland","3194028","19430","207377","7515","64.1","0.4","4.0","0.2","24","6.492648154618557"
"2023","Massachusetts","3754447","20210","182537","7592","64.4","0.3","3.9","0.2","25","4.861887782674786"
"2023","Michigan","4822997","18892","157296","6520","58.9","0.2","4.5","0.2","26","3.261374618313053"
"2023","Minnesota","3048320","11928","121545","6286","66.2","0.3","3.0","0.2","27","3.987278238505144"
"2023","Mississippi","1278422","14795","19600","3034","54.3","0.6","4.8","0.3","28","1.5331400742477836"
"2023","Missouri","3071350","20803","112027","6083","61.5","0.4","3.4","0.2","29","3.6474840054047895"
"2023","Montana","562372","6761","15179","2044","60.8","0.7","2.7","0.4","30","2.6991030847908504"
"2023","Nebraska","1041138","7865","30312","2702","66.8","0.5","2.7","0.3","31","2.9114296087550353"
"2023","Nevada","1556587","12769","39456","3726","60.0","0.5","4.6","0.3","32","2.5347764050451405"
"2023","New Hampshire","765872","6543","36192","3272","64.7","0.5","2.6","0.3","33","4.725593832912027"
"2023","New Jersey","4785505","20379","233126","8538","63.6","0.3","4.7","0.2","34","4.871502589590858"
"2023","New Mexico","947670","12381","25966","2591","55.0","0.7","4.8","0.4","35","2.7399833275296253"
"2023","New York","9600693","31513","334985","10992","59.7","0.2","5.0","0.2","36","3.48917520849797"
"2023","North Carolina","5230146","24919","208203","9131","59.5","0.3","4.0","0.2","37","3.9808257742709285"
"2023","North Dakota","410066","6033","9835","1554","65.9","0.9","2.9","0.6","38","2.3983944048031294"
"2023","Ohio","5784101","22425","185747","6967","60.8","0.2","4.0","0.2","39","3.2113374230498395"
"2023","Oklahoma","1847746","11944","48809","4135","57.7","0.4","4.6","0.2","40","2.641542722863424"
"2023","Oregon","2099913","15332","83532","5312","59.9","0.4","4.1","0.2","41","3.9778790835620335"
"2023","Pennsylvania","6400011","27320","225284","8555","60.0","0.3","4.2","0.2","42","3.520056449902977"
"2023","Rhode Island","559742","7259","19940","2639","61.0","0.8","4.8","0.6","44","3.562355513790282"
"2023","South Carolina","2516719","19941","67584","4344","57.6","0.5","4.3","0.2","45","2.685401111526555"
"2023","South Dakota","472581","5879","11881","1994","65.1","0.8","2.6","0.4","46","2.5140663716907787"
"2023","Tennessee","3442420","16984","95156","6237","59.9","0.3","4.0","0.2","47","2.7642181953393252"
"2023","Texas","14926761","39448","581360","15703","62.6","0.2","4.4","0.1","48","3.8947498388967303"
"2023","Utah","1758060","10121","84237","4378","67.6","0.4","3.3","0.2","49","4.791474693696461"
"2023","Vermont","345752","5298","10636","1705","63.2","1.0","2.6","0.4","50","3.0761933408917375"
"2023","Virginia","4318000","18751","286549","8978","61.1","0.3","3.7","0.2","51","6.636150995831404"
"2023","Washington","3887150","18831","271227","9037","61.1","0.3","4.5","0.2","53","6.977528523468351"
"2023","West Virginia","757305","9036","17867","1910","51.7","0.6","4.5","0.4","54","2.3592872092485853"
"2023","Wisconsin","3056531","12997","102982","4578","63.4","0.3","2.8","0.2","55","3.3692444146648604"
"2023","Wyoming","285046","4924","5019","1098","60.7","1.0","3.2","0.6","56","1.76076843737502"
"2024","Alabama","2344294","17303","71337","5088","56.4","0.4","4.2","0.3","01","3.0430056980907683"
"2024","Alaska","342028","5975","7612","1724","58.4","1.0","6.0","0.7","02","2.2255487854795515"
"2024","Arizona","3606425","20395","131692","8264","58.2","0.3","4.6","0.2","04","3.6515940300990595"
"2024","Arkansas","1399240","13565","38412","3746","56.5","0.5","3.8","0.3","05","2.7452045396072156"
"2024","California","19240700","51096","891291","17322","60.0","0.2","5.9","0.1","06","4.632321069399762"
"2024","Colorado","3182088","15890","175676","8897","64.9","0.3","4.3","0.2","08","5.5207775523492755"
"2024","Connecticut","1903478","14453","65175","4813","62.6","0.5","4.9","0.3","09","3.4239954441291154"
"2024","Delaware","508349","7788","21876","2985","58.9","0.9","5.1","0.7","10","4.303342782222449"
"2024","District of Columbia","389016","6442","28399","2786","66.6","1.1","5.6","0.9","11","7.300213872951241"
"2024","Florida","11202980","41400","368960","13040","57.7","0.2","4.6","0.2","12","3.293409432133236"
"2024","Georgia","5463559","25056","230302","10598","60.9","0.3","4.7","0.2","13","4.215237723249626"
"2024","Hawaii","686176","7170","15787","1951","57.9","0.6","3.4","0.4","15","2.3007216807349717"
"2024","Idaho","965244","9134","27731","2508","60.6","0.6","3.7","0.4","16","2.872952331224022"
"2024","Illinois","6415320","25684","250318","9521","61.9","0.2","5.1","0.2","17","3.9018786280341433"
"2024","Indiana","3406179","17425","91842","6815","61.5","0.3","4.1","0.2","18","2.6963351015903743"
"2024","Iowa","1674133","10542","45120","3105","64.3","0.4","3.2","0.2","19","2.6951263728747956"
"2024","Kansas","1497364","11073","49388","2951","63.3","0.4","3.7","0.3","20","3.298329597880008"
"2024","Kentucky","2102332","16309","42185","3618","56.9","0.4","4.9","0.3","21","2.006581263092604"
"2024","Louisiana","2064084","17190","43395","3792","56.4","0.5","5.2","0.3","22","2.102385368037347"
"2024","Maine","713799","8393","19311","2175","60.0","0.7","2.7","0.3","23","2.705383448281659"
"2024","Maryland","3249570","17085","216918","8922","64.2","0.3","4.3","0.2","24","6.675283191314543"
"2024","Massachusetts","3831790","19320","179325","8874","64.4","0.3","4.1","0.2","25","4.679927657830936"
"2024","Michigan","4879201","21192","153982","5852","58.8","0.3","4.5","0.2","26","3.1558855640503434"
"2024","Minnesota","3056310","13831","119217","5729","65.5","0.3","3.7","0.2","27","3.900684158347812"
"2024","Mississippi","1314226","14335","20614","2522","55.7","0.6","4.6","0.3","28","1.5685277874581693"
"2024","Missouri","3082178","18216","110042","5940","61.0","0.3","3.3","0.2","29","3.5702675186183277"
"2024","Montana","571950","6626","12097","1905","61.0","0.7","3.0","0.4","30","2.115045021417956"
"2024","Nebraska","1045068","8991","36232","3290","65.9","0.6","3.4","0.3","31","3.466951432825424"
"2024","Nevada","1598223","13645","44503","4296","60.0","0.5","6.3","0.5","32","2.7845300687075585"
"2024","New Hampshire","769380","9088","31548","2831","64.4","0.8","2.8","0.4","33","4.100444513764329"
"2024","New Jersey","4867170","20585","240929","9340","63.1","0.3","5.4","0.2","34","4.950083929675767"
"2024","New Mexico","954860","12021","25025","2483","54.8","0.7","5.3","0.4","35","2.6208030496617307"
"2024","New York","9737212","30064","366545","12230","59.5","0.2","5.3","0.1","36","3.764373210730135"
"2024","North Carolina","5369487","25342","229279","8711","59.8","0.3","4.0","0.2","37","4.270035480111973"
"2024","North Dakota","419172","6397","7460","1506","65.8","1.0","1.9","0.4","38","1.7796990256982814"
"2024","Ohio","5855326","26338","189041","8258","60.8","0.3","4.0","0.2","39","3.228530742780163"
"2024","Oklahoma","1883561","12373","50627","3962","58.0","0.4","4.7","0.3","40","2.687834373296113"
"2024","Oregon","2123643","13803","82151","5582","59.8","0.4","4.9","0.2","41","3.8683997263193484"
"2024","Pennsylvania","6506979","28858","242747","8744","60.3","0.3","4.3","0.2","42","3.7305637531641027"
"2024","Rhode Island","579286","9044","19956","2613","61.9","0.9","5.0","0.6","44","3.444930483388171"
"2024","South Carolina","2578529","17893","68994","4844","57.6","0.4","4.5","0.2","45","2.6757116169723125"
"2024","South Dakota","480631","6197","13444","2252","65.5","0.8","2.8","0.5","46","2.7971562383616537"
"2024","Tennessee","3525120","17605","107675","6246","60.3","0.3","4.2","0.2","47","3.054505945896877"
"2024","Texas","15259450","47268","643820","17485","62.1","0.2","4.8","0.1","48","4.219155998414098"
"2024","Utah","1798140","12327","90072","5258","66.9","0.5","3.8","0.3","49","5.009176148686977"
"2024","Vermont","348622","4446","13057","1836","63.0","0.8","2.7","0.4","50","3.7453172777392134"
"2024","Virginia","4381889","21942","294661","9553","61.1","0.3","3.6","0.2","51","6.724519950185868"
"2024","Washington","3964612","19960","265439","8848","60.9","0.3","4.9","0.2","53","6.695207500759217"
"2024","West Virginia","766794","9805","19045","2006","52.2","0.6","4.6","0.4","54","2.483717921632146"
"2024","Wisconsin","3090398","15146","110598","4635","63.3","0.3","3.1","0.2","55","3.5787623471151613"
"2024","Wyoming","297101","5684","6431","1381","61.8","1.1","3.4","0.7","56","2.1645837610778824"
