"YEAR","age_group","share","joint","n_person_months","rate"
2019,"16-24",0.14564803399545,0.0817969039473537,147925,0.561606646540172
2019,"25-34",0.173152765947539,0.143858075184181,178318,0.830815923713091
2019,"35-44",0.158038466574964,0.131688716070825,178878,0.833270019159291
2019,"45-54",0.1561749189449,0.127440602848133,177199,0.81601196728071
2019,"55-64",0.163015797923268,0.107075045022939,197998,0.656838456070003
2019,"65-74",0.120778250002087,0.0343892143531526,157298,0.284730192336438
2019,"75+",0.0831917666117925,0.00776085292282442,106827,0.0932887140026705
2024,"16-24",0.145110193955181,0.0816754247476307,121702,0.56285104803083
2024,"25-34",0.165422187827313,0.138407253152315,144128,0.836690984263855
2024,"35-44",0.164500343020464,0.139440439543819,153317,0.84766047889926
2024,"45-54",0.14918218136072,0.123048275831362,141394,0.824818853759979
2024,"55-64",0.15352925590238,0.101861820241977,153434,0.663468468229565
2024,"65-74",0.130504912478705,0.0361127137783612,147291,0.276715359540613
2024,"75+",0.0917509254552366,0.00808465570811867,109939,0.0881152497155247
