"state","year_start","NAME_start","S2401_C01_001E_start","S2401_C01_001M_start","S2401_C01_007E_start","S2401_C01_007M_start","S2301_C03_001E_start","S2301_C03_001M_start","S2301_C04_001E_start","S2301_C04_001M_start","tech_share_start","employed_start","tech_start","unemployment_start","epr_start","year_end","NAME_end","S2401_C01_001E_end","S2401_C01_001M_end","S2401_C01_007E_end","S2401_C01_007M_end","S2301_C03_001E_end","S2301_C03_001M_end","S2301_C04_001E_end","S2301_C04_001M_end","tech_share_end","employed_end","tech_end","unemployment_end","epr_end","tech_change","unemployment_change","epr_change","tech_growth","total_growth","group","period"
2,2018,"Alaska",345769,4933,6610,1111,60.4,0.8,6.8,0.5,1.91168091992052,345769,6610,6.8,60.4,2019,"Alaska",338011,5871,4988,1312,59.3,1,5.8,0.7,1.47569161950351,338011,4988,5.8,59.3,-0.435989300417018,-1,-1.1,-24.5385779122542,-2.24369448967374,"Slowest tech-share growth","2018-2019"
33,2018,"New Hampshire",729001,7362,30205,2913,64.5,0.6,3.6,0.3,4.14334136715862,729001,30205,3.6,64.5,2019,"New Hampshire",735493,6921,27411,2918,64.7,0.6,3,0.3,3.72688795134692,735493,27411,3,64.7,-0.416453415811699,-0.6,0.200000000000003,-9.25012415163052,0.890533757841205,"Slowest tech-share growth","2018-2019"
41,2018,"Oregon",2029021,13461,70693,3773,59.4,0.4,5,0.3,3.48409405324045,2029021,70693,5,59.4,2019,"Oregon",2045338,16337,65901,4181,59.3,0.5,5,0.3,3.22201024965067,2045338,65901,5,59.3,-0.262083803589785,0,-0.100000000000001,-6.77860608546815,0.804180932577836,"Slowest tech-share growth","2018-2019"
34,2018,"New Jersey",4487823,20860,197169,7482,62.5,0.3,4.9,0.2,4.39342193308426,4487823,197169,4.9,62.5,2019,"New Jersey",4496699,17221,186988,6219,62.7,0.2,4.7,0.2,4.15833926175624,4496699,186988,4.7,62.7,-0.235082671328025,-0.2,0.200000000000003,-5.16359062530114,0.19777963613985,"Slowest tech-share growth","2018-2019"
54,2018,"West Virginia",741817,9426,14289,2249,49.9,0.6,5.8,0.5,1.92621630402107,741817,14289,5.8,49.9,2019,"West Virginia",744981,10669,12655,1889,50.4,0.7,6,0.6,1.69870104069768,744981,12655,6,50.4,-0.227515263323391,0.2,0.5,-11.4353698649311,0.426520287348486,"Slowest tech-share growth","2018-2019"
56,2018,"Wyoming",287436,5151,3958,1102,62.5,1.1,3.9,0.6,1.37700218483419,287436,3958,3.9,62.5,2019,"Wyoming",283750,5185,3279,1117,61.9,1.1,3.6,0.6,1.15559471365639,283750,3279,3.6,61.9,-0.221407471177801,-0.3,-0.600000000000001,-17.155128852956,-1.28237242377434,"Slowest tech-share growth","2018-2019"
1,2018,"Alabama",2094271,16868,52304,4014,53.3,0.4,5.6,0.3,2.49748003004387,2094271,52304,5.6,53.3,2019,"Alabama",2153467,16735,49739,3863,54.7,0.4,4.9,0.3,2.30971730702165,2153467,49739,4.9,54.7,-0.187762723022213,-0.699999999999999,1.40000000000001,-4.90402263689201,2.8265682903502,"Slowest tech-share growth","2018-2019"
21,2018,"Kentucky",1995789,14195,43757,3538,55.9,0.4,5.2,0.3,2.1924662376634,1995789,43757,5.2,55.9,2019,"Kentucky",1997773,14115,40372,3323,55.8,0.4,4.8,0.3,2.02085021671631,1997773,40372,4.8,55.8,-0.171616020947087,-0.4,-0.100000000000001,-7.73590511232488,0.0994093062943957,"Slowest tech-share growth","2018-2019"
26,2018,"Michigan",4708456,17829,131453,4999,58.2,0.2,5.3,0.2,2.79184938756994,4708456,131453,5.3,58.2,2019,"Michigan",4755016,20119,125071,5575,58.7,0.2,5,0.2,2.63029609153786,4755016,125071,5,58.7,-0.161553296032076,-0.3,0.5,-4.8549671745795,0.98885919290741,"Slowest tech-share growth","2018-2019"
46,2018,"South Dakota",453723,6188,8986,1240,65.7,0.8,3,0.4,1.98050352307465,453723,8986,3,65.7,2019,"South Dakota",452975,5361,8279,1459,65.4,0.8,3,0.4,1.82769468513715,452975,8279,3,65.4,-0.152808837937502,0,-0.299999999999997,-7.86779434676163,-0.164858294598247,"Slowest tech-share growth","2018-2019"
50,2018,"Vermont",330947,5124,8952,1516,63,0.9,3.8,0.5,2.70496484331328,330947,8952,3.8,63,2019,"Vermont",331247,4634,8486,1298,63.1,0.9,3.4,0.5,2.56183452227492,331247,8486,3.4,63.1,-0.143130321038361,-0.4,0.100000000000001,-5.20554066130474,0.0906489558751167,"Slowest tech-share growth","2018-2019"
23,2018,"Maine",678540,6859,15076,1765,60.6,0.6,3.5,0.3,2.22182922156395,678540,15076,3.5,60.6,2019,"Maine",684413,7119,14262,1789,60.7,0.6,3.5,0.4,2.08382950060855,684413,14262,3.5,60.7,-0.137999720955395,0,0.100000000000001,-5.39931016184665,0.865534824770831,"Slowest tech-share growth","2018-2019"
5,2018,"Arkansas",1317275,12542,23332,2614,55.1,0.5,4.5,0.3,1.77123227875728,1317275,23332,4.5,55.1,2019,"Arkansas",1325091,12720,21732,2378,55.2,0.5,4.8,0.3,1.64003830680308,1325091,21732,4.8,55.2,-0.131193971954203,0.3,0.100000000000001,-6.8575347162695,0.59334611223929,"Slowest tech-share growth","2018-2019"
13,2018,"Georgia",4953466,24667,166290,6892,59.6,0.3,4.8,0.2,3.35704333087176,4953466,166290,4.8,59.6,2019,"Georgia",5002153,25004,175172,8074,59.6,0.3,4.8,0.2,3.5019320680515,5002153,175172,4.8,59.6,0.14488873717974,0,0,5.34127127307715,0.98288753773621,"Fastest tech-share growth","2018-2019"
55,2018,"Wisconsin",2993716,12072,80389,4323,63.8,0.3,3.2,0.2,2.68525805387017,2993716,80389,3.2,63.8,2019,"Wisconsin",3002074,13543,85411,4217,63.8,0.3,3.2,0.2,2.845066444065,3002074,85411,3.2,63.8,0.15980839019483,0,0,6.24712336264912,0.279184799092502,"Fastest tech-share growth","2018-2019"
42,2018,"Pennsylvania",6248945,20258,183542,6332,59.7,0.2,4.9,0.1,2.93716779392361,6248945,183542,4.9,59.7,2019,"Pennsylvania",6285109,22043,195121,6899,60,0.2,4.5,0.1,3.1044966761913,6285109,195121,4.5,60,0.167328882267682,-0.4,0.299999999999997,6.30863780497106,0.578721688220973,"Fastest tech-share growth","2018-2019"
31,2018,"Nebraska",999347,7730,29303,2471,66.3,0.5,3.5,0.3,2.93221473622275,999347,29303,3.5,66.3,2019,"Nebraska",1008957,7438,31499,2697,66.8,0.5,3.3,0.3,3.12193681197514,1008957,31499,3.3,66.8,0.189722075752385,-0.2,0.5,7.49411323072724,0.961627943046817,"Fastest tech-share growth","2018-2019"
6,2018,"California",18930012,36894,698428,14321,60,0.1,5.5,0.1,3.68952750795932,18930012,698428,5.5,60,2019,"California",19078101,39509,743109,13267,60.3,0.1,5.1,0.1,3.89508892944848,19078101,743109,5.1,60.3,0.205561421489163,-0.4,0.299999999999997,6.39736665769413,0.782297443868507,"Fastest tech-share growth","2018-2019"
48,2018,"Texas",13491168,36714,401110,13264,61,0.2,4.9,0.1,2.9731302730794,13491168,401110,4.9,61,2019,"Texas",13830576,41164,439921,13742,61.7,0.2,4.4,0.1,3.18078581832022,13830576,439921,4.4,61.7,0.207655545240825,-0.5,0.700000000000003,9.67589937922266,2.51577921200004,"Fastest tech-share growth","2018-2019"
51,2018,"Virginia",4180915,20665,241196,7620,61,0.3,4.2,0.2,5.76897640827427,4180915,241196,4.2,61,2019,"Virginia",4229399,18239,253954,8114,61.5,0.3,4,0.2,6.00449378268638,4229399,253954,4,61.5,0.235517374412116,-0.2,0.5,5.28947412063219,1.15965045928941,"Fastest tech-share growth","2018-2019"
27,2018,"Minnesota",2973535,12514,107379,4674,66.8,0.3,3.4,0.2,3.61115641820258,2973535,107379,3.4,66.8,2019,"Minnesota",3010452,13214,116357,5432,67.2,0.3,3.2,0.2,3.86510065598123,3010452,116357,3.2,67.2,0.253944237778651,-0.2,0.400000000000006,8.36103893684985,1.24151893285265,"Fastest tech-share growth","2018-2019"
4,2018,"Arizona",3215136,18672,101946,5556,56.3,0.3,5.4,0.2,3.17081454719178,3215136,101946,5.4,56.3,2019,"Arizona",3305302,17217,114251,6729,56.8,0.3,5.1,0.3,3.45659791450221,3305302,114251,5.1,56.8,0.285783367310432,-0.300000000000001,0.5,12.0701155513703,2.80442258119096,"Fastest tech-share growth","2018-2019"
10,2018,"Delaware",458434,6653,13331,1978,58.2,0.8,5.7,0.6,2.90794312812749,458434,13331,5.7,58.2,2019,"Delaware",466061,5646,15042,2266,58.8,0.7,4.6,0.6,3.22747451513858,466061,15042,4.6,58.8,0.319531387011081,-1.1,0.599999999999994,12.8347460805641,1.66370731664753,"Fastest tech-share growth","2018-2019"
24,2018,"Maryland",3090469,17099,170775,6954,63.7,0.3,4.9,0.2,5.52586031440535,3090469,170775,4.9,63.7,2019,"Maryland",3098870,17785,181556,7398,63.7,0.4,4.5,0.2,5.8587807813816,3098870,181556,4.5,63.7,0.332920466976247,-0.4,0,6.31298492168058,0.271835763439143,"Fastest tech-share growth","2018-2019"
53,2018,"Washington",3692600,19704,193594,7115,61,0.3,4.3,0.2,5.24275578183394,3692600,193594,4.3,61,2019,"Washington",3749409,21936,214314,8266,61.2,0.4,4.6,0.2,5.71594083227517,3749409,214314,4.6,61.2,0.473185050441229,0.3,0.200000000000003,10.7028110375321,1.53845528895629,"Fastest tech-share growth","2018-2019"
44,2018,"Rhode Island",527497,8056,13651,1937,59.8,0.9,5.5,0.6,2.58788201639061,527497,13651,5.5,59.8,2019,"Rhode Island",547914,7421,17515,2553,62.2,0.8,4.2,0.5,3.19666955033089,547914,17515,4.2,62.2,0.608787533940277,-1.3,2.40000000000001,28.3056186359974,3.87054333958297,"Fastest tech-share growth","2018-2019"
30,2019,"Montana",520261,5885,11327,1774,59.8,0.7,4.1,0.5,2.1771764556636,520261,11327,4.1,59.8,2021,"Montana",527565,7222,11058,1710,58.9,0.8,4,0.5,2.09604503710443,527565,11058,4,58.9,-0.0811314185591669,-0.0999999999999996,-0.899999999999999,-2.37485653747682,1.40391072942234,"Slowest tech-share growth","2019-2021"
16,2019,"Idaho",848223,8632,20478,2618,61.2,0.6,3.3,0.4,2.41422361808157,848223,20478,3.3,61.2,2021,"Idaho",901819,8639,21187,2680,60.7,0.6,3.3,0.4,2.3493627878765,901819,21187,3.3,60.7,-0.0648608302050628,0,-0.5,3.46225217306377,6.31862140026855,"Slowest tech-share growth","2019-2021"
10,2019,"Delaware",466061,5646,15042,2266,58.8,0.7,4.6,0.6,3.22747451513858,466061,15042,4.6,58.8,2021,"Delaware",461096,5926,14676,1941,56.2,0.7,5.6,0.6,3.18285129343998,461096,14676,5.6,56.2,-0.0446232216985982,1,-2.59999999999999,-2.43318707618668,-1.06531119316999,"Slowest tech-share growth","2019-2021"
31,2019,"Nebraska",1008957,7438,31499,2697,66.8,0.5,3.3,0.3,3.12193681197514,1008957,31499,3.3,66.8,2021,"Nebraska",1019100,8395,32835,2251,66.4,0.5,2.7,0.2,3.2219605534295,1019100,32835,2.7,66.4,0.100023741454358,-0.6,-0.399999999999991,4.24140448903141,1.00529556760101,"Slowest tech-share growth","2019-2021"
18,2019,"Indiana",3272727,20045,75650,4809,61.2,0.4,4.2,0.2,2.31152797040511,3272727,75650,4.2,61.2,2021,"Indiana",3259178,17464,78785,5054,60.3,0.3,4.7,0.2,2.41732731381962,3259178,78785,4.7,60.3,0.105799343414511,0.5,-0.900000000000006,4.14408460013218,-0.413997256721998,"Slowest tech-share growth","2019-2021"
22,2019,"Louisiana",2040325,16990,32414,3113,55.4,0.5,5.5,0.4,1.58866847193462,2040325,32414,5.5,55.4,2021,"Louisiana",1957790,21462,33704,3848,53.4,0.6,7.6,0.4,1.72153295297248,1957790,33704,7.6,53.4,0.132864481037866,2.1,-2,3.97976183130746,-4.04518887922267,"Slowest tech-share growth","2019-2021"
19,2019,"Iowa",1618556,12600,42490,2850,64.3,0.5,3.7,0.3,2.62517948096946,1618556,42490,3.7,64.3,2021,"Iowa",1616533,10693,44607,3900,63.6,0.4,3.6,0.2,2.75942402660509,1616533,44607,3.6,63.6,0.134244545635629,-0.1,-0.699999999999996,4.9823487879501,-0.124987952224076,"Slowest tech-share growth","2019-2021"
28,2019,"Mississippi",1240752,16665,15213,2188,52.6,0.7,6.6,0.6,1.22611126155751,1240752,15213,6.6,52.6,2021,"Mississippi",1227616,14710,16962,2859,52.5,0.6,6.4,0.5,1.38170242160415,1227616,16962,6.4,52.5,0.155591160046643,-0.199999999999999,-0.100000000000001,11.4967462039046,-1.05871278063626,"Slowest tech-share growth","2019-2021"
27,2019,"Minnesota",3010452,13214,116357,5432,67.2,0.3,3.2,0.2,3.86510065598123,3010452,116357,3.2,67.2,2021,"Minnesota",2957951,14210,119598,5720,65,0.3,4.9,0.2,4.04327184595012,2957951,119598,4.9,65,0.178171189968891,1.7,-2.2,2.78539322945761,-1.7439573858012,"Slowest tech-share growth","2019-2021"
29,2019,"Missouri",2942459,16387,91894,4768,59.8,0.3,3.8,0.2,3.12303416971995,2942459,91894,3.8,59.8,2021,"Missouri",2939431,15950,97759,6387,59.4,0.3,4.6,0.2,3.32577971723099,2939431,97759,4.6,59.4,0.202745547511036,0.8,-0.399999999999999,6.38235358130019,-0.102907126318497,"Slowest tech-share growth","2019-2021"
21,2019,"Kentucky",1997773,14115,40372,3323,55.8,0.4,4.8,0.3,2.02085021671631,1997773,40372,4.8,55.8,2021,"Kentucky",1992331,13865,44393,3963,55.1,0.4,5.4,0.3,2.22819400993108,1992331,44393,5.4,55.1,0.207343793214767,0.600000000000001,-0.699999999999996,9.9598731794313,-0.272403321098047,"Slowest tech-share growth","2019-2021"
13,2019,"Georgia",5002153,25004,175172,8074,59.6,0.3,4.8,0.2,3.5019320680515,5002153,175172,4.8,59.6,2021,"Georgia",5032459,28705,187262,8899,58.7,0.3,5.5,0.2,3.72108347032733,5032459,187262,5.5,58.7,0.219151402275832,0.7,-0.899999999999999,6.90178795697942,0.605859117064189,"Slowest tech-share growth","2019-2021"
39,2019,"Ohio",5692943,22047,159199,5645,60.5,0.2,4.6,0.2,2.79642708525274,5692943,159199,4.6,60.5,2021,"Ohio",5600209,25251,169707,6231,59.1,0.3,5.4,0.2,3.03036904515528,5600209,169707,5.4,59.1,0.233941959902537,0.800000000000001,-1.4,6.60054397326617,-1.62892900912586,"Slowest tech-share growth","2019-2021"
2,2019,"Alaska",338011,5871,4988,1312,59.3,1,5.8,0.7,1.47569161950351,338011,4988,5.8,59.3,2021,"Alaska",327953,6209,6669,1560,57.4,1.1,7,0.6,2.03352309629734,327953,6669,7,57.4,0.557831476793828,1.2,-1.9,33.700882117081,-2.97564280452411,"Fastest tech-share growth","2019-2021"
37,2019,"North Carolina",4937837,21707,160460,7033,58.4,0.3,4.6,0.2,3.24960098925906,4937837,160460,4.6,58.4,2021,"North Carolina",4889866,23159,187207,9508,57.4,0.3,5.8,0.2,3.8284689191892,4889866,187207,5.8,57.4,0.578867929930134,1.2,-1,16.6689517636794,-0.971498249132163,"Fastest tech-share growth","2019-2021"
53,2019,"Washington",3749409,21936,214314,8266,61.2,0.4,4.6,0.2,5.71594083227517,3749409,214314,4.6,61.2,2021,"Washington",3696564,17331,233665,8055,59.1,0.3,5.9,0.2,6.3211403887502,3696564,233665,5.9,59.1,0.605199556475035,1.3,-2.1,9.02927480239275,-1.40942212492688,"Fastest tech-share growth","2019-2021"
34,2019,"New Jersey",4496699,17221,186988,6219,62.7,0.2,4.7,0.2,4.15833926175624,4496699,186988,4.7,62.7,2021,"New Jersey",4508519,21356,215014,7591,60.2,0.3,8.1,0.2,4.76906052741488,4508519,215014,8.1,60.2,0.610721265658643,3.4,-2.5,14.9881275803795,0.262859488704947,"Fastest tech-share growth","2019-2021"
4,2019,"Arizona",3305302,17217,114251,6729,56.8,0.3,5.1,0.3,3.45659791450221,3305302,114251,5.1,56.8,2021,"Arizona",3314799,19031,135579,6464,56.6,0.3,5.8,0.3,4.09011225115007,3314799,135579,5.8,56.6,0.633514336647855,0.7,-0.199999999999996,18.6676703048551,0.287326241293528,"Fastest tech-share growth","2019-2021"
15,2019,"Hawaii",671768,8560,13165,1741,58.5,0.7,3.9,0.4,1.95975396267759,671768,13165,3.9,58.5,2021,"Hawaii",636963,7445,16613,2033,54.6,0.6,7.7,0.6,2.60815777368544,636963,16613,7.7,54.6,0.648403811007851,3.8,-3.9,26.1906570451956,-5.18110419073251,"Fastest tech-share growth","2019-2021"
24,2019,"Maryland",3098870,17785,181556,7398,63.7,0.4,4.5,0.2,5.8587807813816,3098870,181556,4.5,63.7,2021,"Maryland",3070750,21329,199997,7185,61.9,0.4,5.9,0.3,6.51296914434584,3070750,199997,5.9,61.9,0.654188362964243,1.4,-1.8,10.1571966776091,-0.907427546170059,"Fastest tech-share growth","2019-2021"
8,2019,"Colorado",3032173,15695,132828,5944,65.3,0.3,3.7,0.2,4.38062076273352,3032173,132828,3.7,65.3,2021,"Colorado",3002106,14669,153507,7574,63.6,0.3,5.3,0.2,5.11331045605985,3002106,153507,5.3,63.6,0.732689693326321,1.6,-1.7,15.5682536814527,-0.991599094115014,"Fastest tech-share growth","2019-2021"
33,2019,"New Hampshire",735493,6921,27411,2918,64.7,0.6,3,0.3,3.72688795134692,735493,27411,3,64.7,2021,"New Hampshire",745750,7976,33399,2875,64.1,0.7,3.6,0.4,4.47857861213543,745750,33399,3.6,64.1,0.751690660788515,0.6,-0.600000000000009,21.8452446098282,1.39457479540934,"Fastest tech-share growth","2019-2021"
38,2019,"North Dakota",405699,5519,6050,1555,67.3,0.8,2.6,0.4,1.49125336764449,405699,6050,2.6,67.3,2021,"North Dakota",394601,6294,8948,1820,64.6,1,2.9,0.6,2.26760702583116,394601,8948,2.9,64.6,0.776353658186671,0.3,-2.7,47.900826446281,-2.73552559902785,"Fastest tech-share growth","2019-2021"
35,2019,"New Mexico",907775,10713,18926,2527,54.1,0.6,5.5,0.5,2.08487786070337,907775,18926,5.5,54.1,2021,"New Mexico",878606,13265,25168,3223,51.7,0.8,7.8,0.6,2.86453768811048,878606,25168,7.8,51.7,0.779659827407116,2.3,-2.4,32.9810842227623,-3.21324116658863,"Fastest tech-share growth","2019-2021"
5,2019,"Arkansas",1325091,12720,21732,2378,55.2,0.5,4.8,0.3,1.64003830680308,1325091,21732,4.8,55.2,2021,"Arkansas",1323511,12473,32859,3162,55,0.5,5.5,0.4,2.48271453731779,1323511,32859,5.5,55,0.842676230514706,0.7,-0.200000000000003,51.2009939260077,-0.119237093905245,"Fastest tech-share growth","2019-2021"
23,2019,"Maine",684413,7119,14262,1789,60.7,0.6,3.5,0.4,2.08382950060855,684413,14262,3.5,60.7,2021,"Maine",672480,8088,20405,2507,58.2,0.7,4.9,0.4,3.03429098263145,672480,20405,4.9,58.2,0.950461482022903,1.4,-2.5,43.072500350582,-1.7435378930558,"Fastest tech-share growth","2019-2021"
38,2021,"North Dakota",394601,6294,8948,1820,64.6,1,2.9,0.6,2.26760702583116,394601,8948,2.9,64.6,2024,"North Dakota",419172,6397,7460,1506,65.8,1,1.9,0.4,1.77969902569828,419172,7460,1.9,65.8,-0.487908000132874,-1,1.2,-16.6294143942781,6.22679618145925,"Slowest tech-share growth","2021-2024"
4,2021,"Arizona",3314799,19031,135579,6464,56.6,0.3,5.8,0.3,4.09011225115007,3314799,135579,5.8,56.6,2024,"Arizona",3606425,20395,131692,8264,58.2,0.3,4.6,0.2,3.65159403009906,3606425,131692,4.6,58.2,-0.438518221051011,-1.2,1.6,-2.86696317276275,8.79769783929583,"Slowest tech-share growth","2021-2024"
33,2021,"New Hampshire",745750,7976,33399,2875,64.1,0.7,3.6,0.4,4.47857861213543,745750,33399,3.6,64.1,2024,"New Hampshire",769380,9088,31548,2831,64.4,0.8,2.8,0.4,4.10044451376433,769380,31548,2.8,64.4,-0.378134098371105,-0.8,0.300000000000011,-5.54208209826641,3.16862219242373,"Slowest tech-share growth","2021-2024"
23,2021,"Maine",672480,8088,20405,2507,58.2,0.7,4.9,0.4,3.03429098263145,672480,20405,4.9,58.2,2024,"Maine",713799,8393,19311,2175,60,0.7,2.7,0.3,2.70538344828166,713799,19311,2.7,60,-0.328907534349795,-2.2,1.8,-5.36143102180838,6.14427194860814,"Slowest tech-share growth","2021-2024"
15,2021,"Hawaii",636963,7445,16613,2033,54.6,0.6,7.7,0.6,2.60815777368544,636963,16613,7.7,54.6,2024,"Hawaii",686176,7170,15787,1951,57.9,0.6,3.4,0.4,2.30072168073497,686176,15787,3.4,57.9,-0.30743609295047,-4.3,3.3,-4.97200987178715,7.72619445713487,"Slowest tech-share growth","2021-2024"
9,2021,"Connecticut",1810942,12873,67530,4399,60.9,0.4,6.7,0.3,3.72899849912366,1810942,67530,6.7,60.9,2024,"Connecticut",1903478,14453,65175,4813,62.6,0.5,4.9,0.3,3.42399544412912,1903478,65175,4.9,62.6,-0.305003054994545,-1.8,1.7,-3.48733896046202,5.10982681941221,"Slowest tech-share growth","2021-2024"
25,2021,"Massachusetts",3604672,22861,178386,7672,62.3,0.4,6.6,0.2,4.94874429629104,3604672,178386,6.6,62.3,2024,"Massachusetts",3831790,19320,179325,8874,64.4,0.3,4.1,0.2,4.67992765783094,3831790,179325,4.1,64.4,-0.2688166384601,-2.5,2.10000000000001,0.526386599845274,6.3006564813664,"Slowest tech-share growth","2021-2024"
35,2021,"New Mexico",878606,13265,25168,3223,51.7,0.8,7.8,0.6,2.86453768811048,878606,25168,7.8,51.7,2024,"New Mexico",954860,12021,25025,2483,54.8,0.7,5.3,0.4,2.62080304966173,954860,25025,5.3,54.8,-0.243734638448753,-2.5,3.09999999999999,-0.568181818181823,8.67897555901052,"Slowest tech-share growth","2021-2024"
21,2021,"Kentucky",1992331,13865,44393,3963,55.1,0.4,5.4,0.3,2.22819400993108,1992331,44393,5.4,55.1,2024,"Kentucky",2102332,16309,42185,3618,56.9,0.4,4.9,0.3,2.0065812630926,2102332,42185,4.9,56.9,-0.221612746838477,-0.5,1.8,-4.97375712387088,5.52122112239382,"Slowest tech-share growth","2021-2024"
27,2021,"Minnesota",2957951,14210,119598,5720,65,0.3,4.9,0.2,4.04327184595012,2957951,119598,4.9,65,2024,"Minnesota",3056310,13831,119217,5729,65.5,0.3,3.7,0.2,3.90068415834781,3056310,119217,3.7,65.5,-0.142587687602307,-1.2,0.5,-0.318567200120401,3.32524101988168,"Slowest tech-share growth","2021-2024"
44,2021,"Rhode Island",546249,8864,19324,2258,59.8,1,7.7,0.8,3.53758084682993,546249,19324,7.7,59.8,2024,"Rhode Island",579286,9044,19956,2613,61.9,0.9,5,0.6,3.44493048338817,579286,19956,5,61.9,-0.0926503634417544,-2.7,2.1,3.27054440074519,6.04797445853449,"Slowest tech-share growth","2021-2024"
19,2021,"Iowa",1616533,10693,44607,3900,63.6,0.4,3.6,0.2,2.75942402660509,1616533,44607,3.6,63.6,2024,"Iowa",1674133,10542,45120,3105,64.3,0.4,3.2,0.2,2.6951263728748,1674133,45120,3.2,64.3,-0.0642976537302906,-0.4,0.699999999999996,1.15004371511198,3.56318120322938,"Slowest tech-share growth","2021-2024"
30,2021,"Montana",527565,7222,11058,1710,58.9,0.8,4,0.5,2.09604503710443,527565,11058,4,58.9,2024,"Montana",571950,6626,12097,1905,61,0.7,3,0.4,2.11504502141796,571950,12097,3,61,0.0189999843135236,-1,2.1,9.39591246156628,8.41318131415085,"Slowest tech-share growth","2021-2024"
32,2021,"Nevada",1424693,14095,33710,3741,56.4,0.6,9.7,0.5,2.36612378947605,1424693,33710,9.7,56.4,2024,"Nevada",1598223,13645,44503,4296,60,0.5,6.3,0.5,2.78453006870756,1598223,44503,6.3,60,0.41840627923151,-3.4,3.6,32.0172055769801,12.1801679379347,"Fastest tech-share growth","2021-2024"
47,2021,"Tennessee",3239311,22169,84645,5504,57.7,0.4,5.3,0.3,2.61305567758082,3239311,84645,5.3,57.7,2024,"Tennessee",3525120,17605,107675,6246,60.3,0.3,4.2,0.2,3.05450594589688,3525120,107675,4.2,60.3,0.441450268316058,-1.1,2.59999999999999,27.2077500147676,8.82314171130836,"Fastest tech-share growth","2021-2024"
37,2021,"North Carolina",4889866,23159,187207,9508,57.4,0.3,5.8,0.2,3.8284689191892,4889866,187207,5.8,57.4,2024,"North Carolina",5369487,25342,229279,8711,59.8,0.3,4,0.2,4.27003548011197,5369487,229279,4,59.8,0.441566560922777,-1.8,2.4,22.4735186184277,9.80846918913525,"Fastest tech-share growth","2021-2024"
51,2021,"Virginia",4206422,20804,263863,8036,60.3,0.3,4.8,0.2,6.27286087796232,4206422,263863,4.8,60.3,2024,"Virginia",4381889,21942,294661,9553,61.1,0.3,3.6,0.2,6.72451995018587,4381889,294661,3.6,61.1,0.451659072223552,-1.2,0.800000000000004,11.6719661339407,4.17140743368116,"Fastest tech-share growth","2021-2024"
36,2021,"New York",9226373,30319,302917,9090,56.9,0.2,8.7,0.2,3.28316446777081,9226373,302917,8.7,56.9,2024,"New York",9737212,30064,366545,12230,59.5,0.2,5.3,0.1,3.76437321073014,9737212,366545,5.3,59.5,0.481208742959322,-3.4,2.6,21.0050938045735,5.53672607860098,"Fastest tech-share growth","2021-2024"
1,2021,"Alabama",2190915,16821,56121,4377,54.1,0.4,5.3,0.4,2.56153251038949,2190915,56121,5.3,54.1,2024,"Alabama",2344294,17303,71337,5088,56.4,0.4,4.2,0.3,3.04300569809077,2344294,71337,4.2,56.4,0.481473187701273,-1.1,2.3,27.1128454589191,7.00068236330482,"Fastest tech-share growth","2021-2024"
13,2021,"Georgia",5032459,28705,187262,8899,58.7,0.3,5.5,0.2,3.72108347032733,5032459,187262,5.5,58.7,2024,"Georgia",5463559,25056,230302,10598,60.9,0.3,4.7,0.2,4.21523772324963,5463559,230302,4.7,60.9,0.494154252922296,-0.8,2.2,22.98384082195,8.56638871772228,"Fastest tech-share growth","2021-2024"
16,2021,"Idaho",901819,8639,21187,2680,60.7,0.6,3.3,0.4,2.3493627878765,901819,21187,3.3,60.7,2024,"Idaho",965244,9134,27731,2508,60.6,0.6,3.7,0.4,2.87295233122402,965244,27731,3.7,60.6,0.523589543347519,0.4,-0.100000000000001,30.8868645867749,7.03300773215025,"Fastest tech-share growth","2021-2024"
48,2021,"Texas",13796229,43210,504640,17253,60.2,0.2,6.2,0.2,3.65781113085322,13796229,504640,6.2,60.2,2024,"Texas",15259450,47268,643820,17485,62.1,0.2,4.8,0.1,4.2191559984141,15259450,643820,4.8,62.1,0.561344867560877,-1.4,1.9,27.5800570703868,10.6059489154609,"Fastest tech-share growth","2021-2024"
46,2021,"South Dakota",449435,6155,9554,1711,64.2,0.8,2.8,0.4,2.12578014618354,449435,9554,2.8,64.2,2024,"South Dakota",480631,6197,13444,2252,65.5,0.8,2.8,0.5,2.79715623836165,480631,13444,2.8,65.5,0.671376092178112,0,1.3,40.715930500314,6.94115945576113,"Fastest tech-share growth","2021-2024"
56,2021,"Wyoming",287432,5096,4234,1040,62.3,1.1,3.7,0.8,1.47304405911659,287432,4234,3.7,62.3,2024,"Wyoming",297101,5684,6431,1381,61.8,1.1,3.4,0.7,2.16458376107788,297101,6431,3.4,61.8,0.691539701961291,-0.3,-0.5,51.8894662257912,3.3639260764285,"Fastest tech-share growth","2021-2024"
50,2021,"Vermont",333135,4976,9518,1405,61.4,0.9,4.2,0.6,2.85709997448482,333135,9518,4.2,61.4,2024,"Vermont",348622,4446,13057,1836,63,0.8,2.7,0.4,3.74531727773921,348622,13057,2.7,63,0.888217303254395,-1.5,1.6,37.1821811304896,4.64886607531481,"Fastest tech-share growth","2021-2024"
10,2021,"Delaware",461096,5926,14676,1941,56.2,0.7,5.6,0.6,3.18285129343998,461096,14676,5.6,56.2,2024,"Delaware",508349,7788,21876,2985,58.9,0.9,5.1,0.7,4.30334278222245,508349,21876,5.1,58.9,1.12049148878247,-0.5,2.7,49.0596892886345,10.2479743914499,"Fastest tech-share growth","2021-2024"
