"period","group","metric","improvement"
"2018-2019","Slowest tech-share growth","Lower unemployment",0.261538461538461
"2018-2019","Slowest tech-share growth","More adults employed",0.0692307692307702
"2018-2019","Fastest tech-share growth","Lower unemployment",0.361538461538462
"2018-2019","Fastest tech-share growth","More adults employed",0.492307692307693
"2019-2021","Slowest tech-share growth","Lower unemployment",-0.553846153846154
"2019-2021","Slowest tech-share growth","More adults employed",-1.05384615384615
"2019-2021","Fastest tech-share growth","Lower unemployment",-1.53076923076923
"2019-2021","Fastest tech-share growth","More adults employed",-1.80769230769231
"2021-2024","Slowest tech-share growth","Lower unemployment",1.7
"2021-2024","Slowest tech-share growth","More adults employed",1.71538461538462
"2021-2024","Fastest tech-share growth","Lower unemployment",1.23846153846154
"2021-2024","Fastest tech-share growth","More adults employed",1.8
