"state","year_start","NAME_start","S2401_C01_001E_start","S2401_C01_001M_start","S2401_C01_007E_start","S2401_C01_007M_start","S2301_C03_001E_start","S2301_C03_001M_start","S2301_C04_001E_start","S2301_C04_001M_start","tech_share_start","employed_start","tech_start","unemployment_start","epr_start","year_end","NAME_end","S2401_C01_001E_end","S2401_C01_001M_end","S2401_C01_007E_end","S2401_C01_007M_end","S2301_C03_001E_end","S2301_C03_001M_end","S2301_C04_001E_end","S2301_C04_001M_end","tech_share_end","employed_end","tech_end","unemployment_end","epr_end","tech_change","unemployment_change","epr_change","tech_growth","total_growth"
1,2018,"Alabama",2094271,16868,52304,4014,53.3,0.4,5.6,0.3,2.49748003004387,2094271,52304,5.6,53.3,2024,"Alabama",2344294,17303,71337,5088,56.4,0.4,4.2,0.3,3.04300569809077,2344294,71337,4.2,56.4,0.545525668046901,-1.4,3.1,36.3891862955032,11.9384263068151
2,2018,"Alaska",345769,4933,6610,1111,60.4,0.8,6.8,0.5,1.91168091992052,345769,6610,6.8,60.4,2024,"Alaska",342028,5975,7612,1724,58.4,1,6,0.7,2.22554878547955,342028,7612,6,58.4,0.313867865559027,-0.8,-2,15.1588502269289,-1.0819362059641
4,2018,"Arizona",3215136,18672,101946,5556,56.3,0.3,5.4,0.2,3.17081454719178,3215136,101946,5.4,56.3,2024,"Arizona",3606425,20395,131692,8264,58.2,0.3,4.6,0.2,3.65159403009906,3606425,131692,4.6,58.2,0.480779482907276,-0.800000000000001,1.90000000000001,29.1781923763561,12.1702161277159
5,2018,"Arkansas",1317275,12542,23332,2614,55.1,0.5,4.5,0.3,1.77123227875728,1317275,23332,4.5,55.1,2024,"Arkansas",1399240,13565,38412,3746,56.5,0.5,3.8,0.3,2.74520453960722,1399240,38412,3.8,56.5,0.973972260849933,-0.7,1.4,64.6322647008401,6.22231500635781
6,2018,"California",18930012,36894,698428,14321,60,0.1,5.5,0.1,3.68952750795932,18930012,698428,5.5,60,2024,"California",19240700,51096,891291,17322,60,0.2,5.9,0.1,4.63232106939976,19240700,891291,5.9,60,0.942793561440443,0.4,0,27.6138700052117,1.64124565795309
8,2018,"Colorado",2982794,18123,130073,5538,65.3,0.4,3.9,0.2,4.36077717737128,2982794,130073,3.9,65.3,2024,"Colorado",3182088,15890,175676,8897,64.9,0.3,4.3,0.2,5.52077755234928,3182088,175676,4.3,64.9,1.16000037497799,0.4,-0.399999999999991,35.0595434871188,6.68145369743938
9,2018,"Connecticut",1822551,11469,58487,3526,62.1,0.4,5.5,0.3,3.20907343607943,1822551,58487,5.5,62.1,2024,"Connecticut",1903478,14453,65175,4813,62.6,0.5,4.9,0.3,3.42399544412912,1903478,65175,4.9,62.6,0.214922008049686,-0.6,0.5,11.4350197479782,4.44031470175594
10,2018,"Delaware",458434,6653,13331,1978,58.2,0.8,5.7,0.6,2.90794312812749,458434,13331,5.7,58.2,2024,"Delaware",508349,7788,21876,2985,58.9,0.9,5.1,0.7,4.30334278222245,508349,21876,5.1,58.9,1.39539965409495,-0.600000000000001,0.699999999999996,64.0987172755232,10.8881540199898
12,2018,"Florida",9734940,42750,251438,7867,55.4,0.2,5.2,0.1,2.58284077765246,9734940,251438,5.2,55.4,2024,"Florida",11202980,41400,368960,13040,57.7,0.2,4.6,0.2,3.29340943213324,11202980,368960,4.6,57.7,0.71056865448078,-0.600000000000001,2.3,46.7399517972622,15.080113488116
13,2018,"Georgia",4953466,24667,166290,6892,59.6,0.3,4.8,0.2,3.35704333087176,4953466,166290,4.8,59.6,2024,"Georgia",5463559,25056,230302,10598,60.9,0.3,4.7,0.2,4.21523772324963,5463559,230302,4.7,60.9,0.858194392377869,-0.0999999999999996,1.3,38.49419688496,10.2976986215309
15,2018,"Hawaii",684905,7650,13197,1893,59.7,0.7,3.8,0.4,1.9268365685752,684905,13197,3.8,59.7,2024,"Hawaii",686176,7170,15787,1951,57.9,0.6,3.4,0.4,2.30072168073497,686176,15787,3.4,57.9,0.373885112159768,-0.4,-1.8,19.6256725013261,0.18557318168213
16,2018,"Idaho",806802,8736,19333,2880,59.4,0.7,4,0.4,2.396250876919,806802,19333,4,59.4,2024,"Idaho",965244,9134,27731,2508,60.6,0.6,3.7,0.4,2.87295233122402,965244,27731,3.7,60.6,0.476701454305026,-0.3,1.2,43.438679977241,19.6382755620338
17,2018,"Illinois",6294086,22560,204291,8013,61.6,0.2,5.5,0.2,3.24576117962163,6294086,204291,5.5,61.6,2024,"Illinois",6415320,25684,250318,9521,61.9,0.2,5.1,0.2,3.90187862803414,6415320,250318,5.1,61.9,0.656117448412511,-0.4,0.299999999999997,22.5301163536328,1.92615734834256
18,2018,"Indiana",3238769,17111,74896,5124,61.1,0.3,4.4,0.2,2.31248353927063,3238769,74896,4.4,61.1,2024,"Indiana",3406179,17425,91842,6815,61.5,0.3,4.1,0.2,2.69633510159037,3406179,91842,4.1,61.5,0.383851562319744,-0.300000000000001,0.399999999999999,22.6260414441359,5.16893918646251
19,2018,"Iowa",1615999,9976,40225,3111,64.5,0.4,3.6,0.2,2.48917233240862,1615999,40225,3.6,64.5,2024,"Iowa",1674133,10542,45120,3105,64.3,0.4,3.2,0.2,2.6951263728748,1674133,45120,3.2,64.3,0.205954040466174,-0.4,-0.200000000000003,12.1690490988192,3.59740321621487
20,2018,"Kansas",1442550,10817,40313,2796,63.1,0.5,3.8,0.3,2.79456517971647,1442550,40313,3.8,63.1,2024,"Kansas",1497364,11073,49388,2951,63.3,0.4,3.7,0.3,3.29832959788001,1497364,49388,3.7,63.3,0.503764418163534,-0.0999999999999996,0.199999999999996,22.5113486964503,3.79979896710685
21,2018,"Kentucky",1995789,14195,43757,3538,55.9,0.4,5.2,0.3,2.1924662376634,1995789,43757,5.2,55.9,2024,"Kentucky",2102332,16309,42185,3618,56.9,0.4,4.9,0.3,2.0065812630926,2102332,42185,4.9,56.9,-0.185884974570796,-0.3,1,-3.59256804625545,5.3383899801031
22,2018,"Louisiana",2015672,17879,32056,3096,54.7,0.5,6.4,0.3,1.59033811056561,2015672,32056,6.4,54.7,2024,"Louisiana",2064084,17190,43395,3792,56.4,0.5,5.2,0.3,2.10238536803735,2064084,43395,5.2,56.4,0.512047257471739,-1.2,1.7,35.3724731719491,2.40177965462636
23,2018,"Maine",678540,6859,15076,1765,60.6,0.6,3.5,0.3,2.22182922156395,678540,15076,3.5,60.6,2024,"Maine",713799,8393,19311,2175,60,0.7,2.7,0.3,2.70538344828166,713799,19311,2.7,60,0.483554226717713,-0.8,-0.600000000000001,28.0910055717697,5.19630382880891
24,2018,"Maryland",3090469,17099,170775,6954,63.7,0.3,4.9,0.2,5.52586031440535,3090469,170775,4.9,63.7,2024,"Maryland",3249570,17085,216918,8922,64.2,0.3,4.3,0.2,6.67528319131454,3249570,216918,4.3,64.2,1.14942287690919,-0.600000000000001,0.5,27.0197628458498,5.14811829531376
25,2018,"Massachusetts",3622984,16868,162152,6841,63.5,0.3,4.8,0.2,4.47564769814054,3622984,162152,4.8,63.5,2024,"Massachusetts",3831790,19320,179325,8874,64.4,0.3,4.1,0.2,4.67992765783094,3831790,179325,4.1,64.4,0.204279959690397,-0.7,0.900000000000006,10.5906803493019,5.76337074632403
26,2018,"Michigan",4708456,17829,131453,4999,58.2,0.2,5.3,0.2,2.79184938756994,4708456,131453,5.3,58.2,2024,"Michigan",4879201,21192,153982,5852,58.8,0.3,4.5,0.2,3.15588556405034,4879201,153982,4.5,58.8,0.364036176480405,-0.8,0.599999999999994,17.1384449194769,3.62634800027866
27,2018,"Minnesota",2973535,12514,107379,4674,66.8,0.3,3.4,0.2,3.61115641820258,2973535,107379,3.4,66.8,2024,"Minnesota",3056310,13831,119217,5729,65.5,0.3,3.7,0.2,3.90068415834781,3056310,119217,3.7,65.5,0.289527740145235,0.3,-1.3,11.0245019975973,2.78372374967841
28,2018,"Mississippi",1231410,12050,16040,2003,52.1,0.5,7.1,0.4,1.30257184853136,1231410,16040,7.1,52.1,2024,"Mississippi",1314226,14335,20614,2522,55.7,0.6,4.6,0.3,1.56852778745817,1314226,20614,4.6,55.7,0.265955938926811,-2.5,3.6,28.5162094763092,6.72529864139482
29,2018,"Missouri",2921599,15183,89357,5136,59.5,0.3,4.2,0.2,3.05849639187308,2921599,89357,4.2,59.5,2024,"Missouri",3082178,18216,110042,5940,61,0.3,3.3,0.2,3.57026751861833,3082178,110042,3.3,61,0.511771126745247,-0.9,1.5,23.1487180634981,5.49627104883319
30,2018,"Montana",523058,5868,10713,1650,61,0.7,3.5,0.4,2.04814762416405,523058,10713,3.5,61,2024,"Montana",571950,6626,12097,1905,61,0.7,3,0.4,2.11504502141796,571950,12097,3,61,0.0668973972539053,-0.5,0,12.9188835993653,9.34733815370379
31,2018,"Nebraska",999347,7730,29303,2471,66.3,0.5,3.5,0.3,2.93221473622275,999347,29303,3.5,66.3,2024,"Nebraska",1045068,8991,36232,3290,65.9,0.6,3.4,0.3,3.46695143282542,1045068,36232,3.4,65.9,0.53473669660267,-0.1,-0.399999999999991,23.6460430672627,4.57508753215849
32,2018,"Nevada",1446090,11002,28583,2948,59.7,0.5,5.6,0.3,1.97657130607362,1446090,28583,5.6,59.7,2024,"Nevada",1598223,13645,44503,4296,60,0.5,6.3,0.5,2.78453006870756,1598223,44503,6.3,60,0.807958762633939,0.7,0.299999999999997,55.697442535773,10.520299566417
33,2018,"New Hampshire",729001,7362,30205,2913,64.5,0.6,3.6,0.3,4.14334136715862,729001,30205,3.6,64.5,2024,"New Hampshire",769380,9088,31548,2831,64.4,0.8,2.8,0.4,4.10044451376433,769380,31548,2.8,64.4,-0.0428968533942893,-0.8,-0.0999999999999943,4.44628372785962,5.53894987798371
34,2018,"New Jersey",4487823,20860,197169,7482,62.5,0.3,4.9,0.2,4.39342193308426,4487823,197169,4.9,62.5,2024,"New Jersey",4867170,20585,240929,9340,63.1,0.3,5.4,0.2,4.95008392967577,4867170,240929,5.4,63.1,0.556661996591507,0.5,0.600000000000001,22.1941583108907,8.45280662806889
35,2018,"New Mexico",875151,10010,17657,2527,52.3,0.6,6.1,0.4,2.01759467794701,875151,17657,6.1,52.3,2024,"New Mexico",954860,12021,25025,2483,54.8,0.7,5.3,0.4,2.62080304966173,954860,25025,5.3,54.8,0.603208371714725,-0.8,2.5,41.7284929489721,9.10802821455954
36,2018,"New York",9504716,27594,267064,8982,59.6,0.2,5,0.1,2.80980515356798,9504716,267064,5,59.6,2024,"New York",9737212,30064,366545,12230,59.5,0.2,5.3,0.1,3.76437321073014,9737212,366545,5.3,59.5,0.954568057162159,0.3,-0.100000000000001,37.2498726896924,2.44611201428848
37,2018,"North Carolina",4870838,24880,158525,5983,58.3,0.3,5,0.2,3.25457344300919,4870838,158525,5,58.3,2024,"North Carolina",5369487,25342,229279,8711,59.8,0.3,4,0.2,4.27003548011197,5369487,229279,4,59.8,1.01546203710278,-1,1.5,44.6327077747989,10.237437582609
38,2018,"North Dakota",400818,5548,6299,1224,66.6,0.9,2.8,0.4,1.57153620845371,400818,6299,2.8,66.6,2024,"North Dakota",419172,6397,7460,1506,65.8,1,1.9,0.4,1.77969902569828,419172,7460,1.9,65.8,0.208162817244569,-0.9,-0.799999999999997,18.4314970630259,4.57913566755983
39,2018,"Ohio",5637441,21644,156949,6430,59.9,0.2,4.9,0.1,2.78404687516907,5637441,156949,4.9,59.9,2024,"Ohio",5855326,26338,189041,8258,60.8,0.3,4,0.2,3.22853074278016,5855326,189041,4,60.8,0.444483867611092,-0.9,0.899999999999999,20.4474064823605,3.86496284395703
40,2018,"Oklahoma",1791438,10371,37403,2785,58,0.3,4.4,0.2,2.08787577354059,1791438,37403,4.4,58,2024,"Oklahoma",1883561,12373,50627,3962,58,0.4,4.7,0.3,2.68783437329611,1883561,50627,4.7,58,0.599958599755527,0.3,0,35.3554527711681,5.14240515161564
41,2018,"Oregon",2029021,13461,70693,3773,59.4,0.4,5,0.3,3.48409405324045,2029021,70693,5,59.4,2024,"Oregon",2123643,13803,82151,5582,59.8,0.4,4.9,0.2,3.86839972631935,2123643,82151,4.9,59.8,0.384305673078894,-0.0999999999999996,0.399999999999999,16.2081111284003,4.66343128040567
42,2018,"Pennsylvania",6248945,20258,183542,6332,59.7,0.2,4.9,0.1,2.93716779392361,6248945,183542,4.9,59.7,2024,"Pennsylvania",6506979,28858,242747,8744,60.3,0.3,4.3,0.2,3.7305637531641,6506979,242747,4.3,60.3,0.793395959240488,-0.600000000000001,0.599999999999994,32.2569221213673,4.12924101588348
44,2018,"Rhode Island",527497,8056,13651,1937,59.8,0.9,5.5,0.6,2.58788201639061,527497,13651,5.5,59.8,2024,"Rhode Island",579286,9044,19956,2613,61.9,0.9,5,0.6,3.44493048338817,579286,19956,5,61.9,0.857048466997556,-0.5,2.1,46.1870925206945,9.81787574147342
45,2018,"South Carolina",2315748,17749,52061,4144,56.4,0.4,5.3,0.3,2.24812889830845,2315748,52061,5.3,56.4,2024,"South Carolina",2578529,17893,68994,4844,57.6,0.4,4.5,0.2,2.67571161697231,2578529,68994,4.5,57.6,0.427582718663861,-0.8,1.2,32.525306851578,11.3475645882022
46,2018,"South Dakota",453723,6188,8986,1240,65.7,0.8,3,0.4,1.98050352307465,453723,8986,3,65.7,2024,"South Dakota",480631,6197,13444,2252,65.5,0.8,2.8,0.5,2.79715623836165,480631,13444,2.8,65.5,0.816652715287002,-0.2,-0.200000000000003,49.6105052303583,5.93049062974547
47,2018,"Tennessee",3133153,20537,73151,4049,57.7,0.4,5.5,0.2,2.33474075476046,3133153,73151,5.5,57.7,2024,"Tennessee",3525120,17605,107675,6246,60.3,0.3,4.2,0.2,3.05450594589688,3525120,107675,4.2,60.3,0.719765191136417,-1.3,2.59999999999999,47.195527060464,12.5103051143688
48,2018,"Texas",13491168,36714,401110,13264,61,0.2,4.9,0.1,2.9731302730794,13491168,401110,4.9,61,2024,"Texas",15259450,47268,643820,17485,62.1,0.2,4.8,0.1,4.2191559984141,15259450,643820,4.8,62.1,1.2460257253347,-0.100000000000001,1.1,60.5095858991299,13.1069600497155
49,2018,"Utah",1533562,9406,64883,3692,65.8,0.4,3.2,0.2,4.23086904865927,1533562,64883,3.2,65.8,2024,"Utah",1798140,12327,90072,5258,66.9,0.5,3.8,0.3,5.00917614868698,1798140,90072,3.8,66.9,0.778307100027711,0.6,1.10000000000001,38.8221876300418,17.2525140815956
50,2018,"Vermont",330947,5124,8952,1516,63,0.9,3.8,0.5,2.70496484331328,330947,8952,3.8,63,2024,"Vermont",348622,4446,13057,1836,63,0.8,2.7,0.4,3.74531727773921,348622,13057,2.7,63,1.04035243442593,-1.1,0,45.8556747095621,5.34073431697522
51,2018,"Virginia",4180915,20665,241196,7620,61,0.3,4.2,0.2,5.76897640827427,4180915,241196,4.2,61,2024,"Virginia",4381889,21942,294661,9553,61.1,0.3,3.6,0.2,6.72451995018587,4381889,294661,3.6,61.1,0.955543541911602,-0.6,0.100000000000001,22.1666196786016,4.80693819415128
53,2018,"Washington",3692600,19704,193594,7115,61,0.3,4.3,0.2,5.24275578183394,3692600,193594,4.3,61,2024,"Washington",3964612,19960,265439,8848,60.9,0.3,4.9,0.2,6.69520750075922,3964612,265439,4.9,60.9,1.45245171892528,0.600000000000001,-0.100000000000001,37.1111708007479,7.36640849266099
54,2018,"West Virginia",741817,9426,14289,2249,49.9,0.6,5.8,0.5,1.92621630402107,741817,14289,5.8,49.9,2024,"West Virginia",766794,9805,19045,2006,52.2,0.6,4.6,0.4,2.48371792163215,766794,19045,4.6,52.2,0.557501617611073,-1.2,2.3,33.2843446007418,3.36700291311738
55,2018,"Wisconsin",2993716,12072,80389,4323,63.8,0.3,3.2,0.2,2.68525805387017,2993716,80389,3.2,63.8,2024,"Wisconsin",3090398,15146,110598,4635,63.3,0.3,3.1,0.2,3.57876234711516,3090398,110598,3.1,63.3,0.893504293244988,-0.1,-0.5,37.5785244249835,3.22949805525976
56,2018,"Wyoming",287436,5151,3958,1102,62.5,1.1,3.9,0.6,1.37700218483419,287436,3958,3.9,62.5,2024,"Wyoming",297101,5684,6431,1381,61.8,1.1,3.4,0.7,2.16458376107788,297101,6431,3.4,61.8,0.787581576243693,-0.5,-0.700000000000003,62.4810510358767,3.36248764942457
